commune_id;commune_nom;daira_id
1;ADRAR;1
2;TAMEST;6
3;CHAROUINE;5
4;REGGANE;7
5;IN ZGHMIR;11
6;TIT;3
7;KSAR KADDOUR;9
8;TSABIT;10
9;TIMIMOUN;8
10;OULED SAID;8
11;ZAOUIET KOUNTA;11
12;AOULEF;3
13;TIMEKTEN;3
14;TAMANTIT;6
15;FENOUGHIL;6
16;TINERKOUK;9
17;DELDOUL;2
18;SALI;7
19;AKABLI;3
20;METARFA;2
21;OULED AHMED TIMMI;1
22;BOUDA;1
23;AOUGROUT;2
24;TALMINE;5
25;BORDJ BADJI MOKHTAR;4
26;SEBAA;10
27;OULED AISSA;5
28;TIMIAOUINE;4
29;CHLEF;162
30;TENES;169
31;BENAIRIA;170
32;EL KARIMIA;163
33;TADJENA;158
34;TAOUGRIT;168
35;BENI HAOUA;160
36;SOBHA;161
37;HARCHOUN;163
38;OULED FARES;167
39;SIDI AKKACHA;169
40;BOUKADIR;161
41;BENI RACHED;165
42;TALASSA;158
43;HERENFA;159
44;OUED GOUSSINE;160
45;DAHRA;168
46;OULED ABBES;165
47;SENDJAS;162
48;ZEBOUDJA;170
49;OUED SLY;161
50;ABOU EL HASSANE;158
51;EL MARSA;164
52;CHETTIA;167
53;SIDI ABDERRAHMANE;169
54;MOUSSADEK;164
55;EL HADJADJ;166
56;LABIOD MEDJADJA;167
57;OUED FODDA;165
58;OULED BEN ABDELKADER;166
59;BOUZEGHAIA;170
60;AIN MERANE;159
61;OUM DROU;162
62;BREIRA;160
63;BENI BOUATTAB;163
64;LAGHOUAT;261
65;KSAR EL HIRANE;260
66;BENACER BENCHOHRA;260
67;SIDI MAKHLOUF;263
68;HASSI DELAA;259
69;HASSI R'MEL;259
70;AIN MADHI;255
71;TADJEMOUT;255
72;KHENEG;255
73;GUELTAT SIDI SAAD;258
74;AIN SIDI ALI;258
75;EL BEIDHA;258
76;BRIDA;256
77;EL GHICHA;257
78;HADJ MECHRI;256
79;SEBGAG;254
80;TAOUIALA;256
81;TADJROUNA;255
82;AFLOU;254
83;EL ASSAFIA;263
84;OUED MORRA;262
85;OUED M'ZI;262
86;EL HAOUAITA;255
87;SIDI BOUZID;254
88;OUM EL BOUAGHI;372
89;AIN BEIDA;364
90;AIN M'LILA;367
91;BEHIR CHERGUI;371
92;EL AMIRIA;373
93;SIGUS;373
94;EL BELALA;371
95;AIN BABOUCHE;363
96;BERRICHE;364
97;OULED HAMLA;367
98;DHALAA;368
99;AIN KERCHA;366
100;HANCHIR TOUMGHANI;366
101;EL DJAZIA;368
102;AIN DISS;363
103;FKIRINA;369
104;SOUK NAAMANE;374
105;ZORG;364
106;EL FEDJOUDJ BOUGHRARA SA;365
107;OULED ZOUAI;374
108;BIR CHOUHADA;374
109;KSAR SBAHI;370
110;OUED NINI;369
111;MESKIANA;371
112;AIN FEKROUN;365
113;RAHIA;371
114;AIN ZITOUN;372
115;OULED GACEM;367
116;EL HARMILIA;366
117;BATNA;67
118;GHASSIRA;83
119;MAAFA;64
120;MEROUANA;74
121;SERIANA;79
122;MENAA;73
123;EL MADHER;71
124;TAZOULT;80
125;N GAOUS;75
126;GUIGBA;77
127;INOUGHISSEN;72
128;OUYOUN EL ASSAFIR;80
129;DJERMA;71
130;BITAM;66
131;AZIL ABEDELKADER;70
132;ARRIS;65
133;KIMMEL;83
134;TILATOU;78
135;AIN DJASSER;63
136;OULED SELLEM;77
137;TIGHARGHAR;73
138;AIN YAGOUT;71
139;FESDIS;67
140;SEFIANE;75
141;RAHBAT;77
142;TIGHANIMINE;65
143;LEMCENE;76
144;KSAR BELLEZMA;74
145;SEGGANA;78
146;ICHEMOUL;72
147;FOUM TOUB;72
148;BENI FOUDHALA EL HAKANIA;64
149;OUED EL MA;74
150;TALKHAMT;77
151;BOUZINA;68
152;CHEMORA;69
153;OUED CHAABA;67
154;TAXLENT;76
155;GOSBAT;77
156;OULED AOUF;64
157;BOUMAGUEUR;75
158;BARIKA;66
159;DJEZZAR;70
160;T KOUT;83
161;AIN TOUTA;64
162;HIDOUSSA;74
163;TENIET EL ABED;81
164;OUED TAGA;81
165;OULED FADEL;82
166;TIMGAD;82
167;RAS EL AIOUN;77
168;CHIR;81
169;OULED SI SLIMANE;76
170;ZANET EL BEIDA;79
171;M DOUKAL;66
172;OULED AMMAR;70
173;EL HASSI;63
174;LAZROU;79
175;BOUMIA;71
176;BOULHILAT;69
177;LARBAA;68
178;BEJAIA;101
179;AMIZOUR;98
180;FERAOUN;98
181;TAOURIT IGHIL;96
182;CHELLATA;97
183;TAMOKRA;97
184;TIMEZRIT;114
185;SOUK EL TENINE;111
186;M'CISNA;109
187;TINEBDAR;110
188;TICHY;113
189;SMAOUN;98
190;KENDIRA;100
191;TIFRA;110
192;IGHRAM;97
193;AMALOU;109
194;IGHIL-ALI;107
195;FENAIA IL MATEN;105
196;TOUDJA;105
197;DARGUINA;104
198;SIDI AYAD;110
199;AOKAS;99
200;BENI DJELLIL;98
201;ADEKAR;96
202;AKBOU;97
203;SEDDOUK;109
204;TAZMALT;112
205;AIT R'ZINE;107
206;CHEMINI;103
207;SOUK OUFELLA;103
208;TASKRIOUT;104
209;TIBANE;103
210;TALA HAMZA;113
211;BARBACHA;100
212;BENI K'SILA;96
213;OUZELLAGUEN;106
214;BOUHAMZA;109
215;BENI-MALLIKECHE;112
216;SIDI-AICH;110
217;EL KSEUR;105
218;MELBOU;111
219;AKFADOU;103
220;LEFLAYE;110
221;KHERRATA;108
222;DRA EL CAID;108
223;TAMRIDJET;111
224;AIT-SMAIL;104
225;BOUKHELIFA;113
226;TIZI-N'BERBER;99
227;BENIMAOUCHE;102
228;OUED GHIR;101
229;BOUDJELLIL;112
230;BISKRA;115
231;OUMACHE;122
232;BRANIS;116
233;CHETMA;124
234;OULED DJELLAL;121
235;RAS EL MIAD;123
236;BESBES;123
237;SIDI KHALED;123
238;DOUCEN;121
239;CHAIBA;121
240;SIDI OKBA;124
241;M'CHOUNECHE;120
242;EL HAOUCH;124
243;AIN NAGA;124
244;ZERIBET EL OUED;126
245;EL FEIDH;126
246;EL KANTARA;117
247;AIN ZAATOUT;117
248;EL OUTAYA;118
249;DJEMORAH;116
250;TOLGA;125
251;LIOUA;122
252;LICHANA;125
253;OURLAL;122
254;M'LILI;122
255;FOUGHALA;119
256;BORDJ BEN AZZOUZ;125
257;MEZIRAA;126
258;BOUCHAKROUN;125
259;MEKHADMA;122
260;EL GHROUS;119
261;EL HADJAB;115
262;KHENGUET SIDI NADJI;126
263;BECHAR;85
264;ERG-FERRADJ;84
265;OULED-KHODEIR;93
266;MERIDJA;90
267;TIMOUDI;91
268;LAHMAR;92
269;BENI-ABBES;86
270;BENI-IKHLEF;91
271;MACHRAA-HOUARI-BOUMEDIENE;84
272;KENADSA;90
273;IGLI;89
274;TABELBALA;94
275;TAGHIT;95
276;EL OUATA;88
277;BOUKAIS;92
278;MOGHEUL;92
279;ABADLA;84
280;KERZAZ;91
281;KSABI;93
282;TAMTERT;86
283;BENI-OUNIF;87
284;BLIDA;127
285;CHEBLI;130
286;BOUINAN;130
287;OUED EL ALLEUG;135
288;OULED YAICH;136
289;CHREA;136
290;EL-AFFROUN;131
291;CHIFFA;134
292;HAMMAM ELOUANE;129
293;BENKHELIL;135
294;SOUMAA;128
295;MOUZAIA;134
296;SOUHANE;132
297;MEFTAH;133
298;OULED SLAMA;129
299;BOUFARIK;128
300;LARBAA;132
301;OUED DJER;131
302;BENI-TAMOU;135
303;BOUARFA;127
304;BENI MERED;136
305;BOUGARA;129
306;GUERROUAOU;128
307;AIN ROMANA;134
308;DJEBABRA;133
309;BOUIRA;141
310;EL ASNAM;138
311;GUERROUMA;145
312;SOUK EL KHEMIS;147
313;KADIRIA;144
314;HANIF;146
315;DIRAH;148
316;AIT LAAZIZ;141
317;TAGHZOUT;143
318;RAOURAOUA;139
319;MEZDOUR;140
320;HAIZER;143
321;LAKHDARIA;145
322;MAALA;145
323;EL HACHIMIA;142
324;AOMAR;144
325;CHORFA;146
326;BORDJ OKHRISS;140
327;EL ADJIBA;138
328;EL-HAKIMIA;148
329;EL KHABOUZIA;139
330;AHL EL KSAR;138
331;BOUDERBALA;145
332;Z'BARBAR (el isseri );145
333;AIN EL HADJAR;137
334;DJEBAHIA;144
335;AGHBALOU;146
336;TAGUEDITE;140
337;AIN TURK;141
338;SAHARIDJ;146
339;DECHMIA;148
340;RIDANE;148
341;BECHLOUL;138
342;BOUKRAM;145
343;AIN-BESSEM;137
344;BIR GHBALOU;139
345;M CHEDALLAH;146
346;SOUR EL GHOZLANE;148
347;MAAMORA;148
348;OULED RACHED;138
349;AIN LALOUI;137
350;HADJERA ZERGA;140
351;ATH MANSOUR;146
352;EL-MOKRANI;147
353;OUED EL BERDI;142
354;TAMANRASSET;456
355;ABELSA;455
356;INGHAR;452
357;AIN GUEZZAM;453
358;IDLES;457
359;TAZROUK;457
360;TIN ZOUATINE;458
361;AIN SALAH;454
362;AIN AMGUEL;456
363;FOGGARET EZZOUA;454
364;TEBESSA;470
365;BIR-EL-ATER;459
366;CHERIA;461
367;STAH GUENTIS;465
368;EL-AOUINET;462
369;EL-HOUIDJBET;464
370;SAF SAF EL OUESRA;469
371;HAMMAMET;460
372;NEGRINE;467
373;BIR MOKKADEM;460
374;EL KOUIF;463
375;MORSOTT;466
376;EL OGLA;465
377;BIR DHEHEB;466
378;EL OGLA EL MALHA;459
379;GUORRIGUER;460
380;BEKKARIA;463
381;BOUKHADRA;462
382;OUENZA;468
383;EL MALABIOD;464
384;OUM ALI;469
385;TELIDJEN;461
386;AIN ZERGA;468
387;EL MERIDJ;468
388;BOULHAF DYR;463
389;BEDJENE;465
390;EL MEZERAA;465
391;FERKANE;467
392;TLEMCEN;544
393;BENI MESTER;536
394;AIN TELLOUT;525
395;REMCHI;540
396;EL FEHOUL;540
397;SABRA;541
398;GHAZAOUET;532
399;SOUANI;526
400;DJEBALA;538
401;EL GOR;542
402;OUED LAKHDAR;539
403;AIN FEZZA;530
404;OULED MIMOUN;539
405;AMIEUR;530
406;AIN YOUCEF;540
407;ZENATA;533
408;BENI SNOUS;528
409;BAB EL ASSA;526
410;DAR YAGHMORACEN;532
411;FELLAOUCENE;531
412;AZAIL;528
413;SEBBAA CHIOUKH;540
414;TERNY BENI HEDIEL;536
415;BENSEKRANE;529
416;AIN NEHALA;525
417;HENNAYA;533
418;MAGHNIA;535
419;HAMMAM BOUGHRARA;535
420;SOUAHLIA;532
421;M'SIRDA FOUAGA;537
422;AIN FETAH;531
423;EL ARICHA;542
424;SOUK TLETA;526
425;SIDI ABDELLI;529
426;SEBDOU;542
427;BENI OUARSOUS;540
428;SIDI MEDJAHED;527
429;BENI BOUSSAID;527
430;MARSA BEN M'HIDI;537
431;NEDROMA;538
432;SIDI DJILLALI;543
433;BENI BAHDEL;528
434;BOUIHI;543
435;HONNAINE;534
436;TIANET;532
437;OULED RIYAH;533
438;BOUHLOU;541
439;BENI KHELLAD;534
440;AIN GHORABA;536
441;CHETOUANE;530
442;MANSOURAH;536
443;BENI SMIEL;539
444;AIN KEBIRA;531
445;TIARET;484
446;MEDROUSSA;479
447;AIN BOUCHEKIF;473
448;SIDI ALI MELLAL;481
449;AIN DZARIT;477
450;AIN DEHEB;471
451;SIDI BAKHTI;479
452;MEDRISSA;472
453;ZMALET EL EMIR ABDELKADE;476
454;MADNA;472
455;SEBT;480
456;MELLAKOU;479
457;DAHMOUNI;473
458;RAHOUIA;482
459;MAHDIA;477
460;SOUGUEUR;483
461;SI ABDELGHANI;483
462;AIN EL HADID;474
463;DJEBILET ROSFA;472
464;NAIMA;471
465;MEGHILA;480
466;GUERTOUFA;482
467;SIDI HOSNI;480
468;DJILLALI BEN AMAR;478
469;SEBAINE;477
470;TOUSNINA;483
471;FRENDA;474
472;AIN KERMES;472
473;KSAR CHELLALA;476
474;RECHAIGA;475
475;NADORAH;477
476;TAGDEMPT;478
477;OUED LILLI;481
478;MECHRAA SAFA;478
479;HAMADIA;475
480;CHEHAIMA;471
481;TAKHEMARET;474
482;SIDI ABDERRAHMANE;472
483;SERGHINE;476
484;BOUGARA;475
485;FAIDJA;483
486;TIDDA;481
487;TIZI-OUZOU;522
488;AIN-EL-HAMMAM;504
489;AKBIL;504
490;FREHA;505
491;SOUAMA;517
492;MECHTRAS;509
493;IRDJEN;514
494;TIMIZART;520
495;MAKOUDA;516
496;DRAA-EL-MIZAN;512
497;TIZI-GHENIFF;524
498;BOUNOUH;509
499;AIT-CHAFAA;506
500;FRIKAT;512
501;BENI-AISSI;507
502;BENI ZMENZER;507
503;IFERHOUNENE;513
504;AZAZGA;505
505;ILLOULA OUMALOU;510
506;YAKOURENE;505
507;LARBAA NATH IRATHEN;514
508;TIZI-RACHED;523
509;ZEKRI;505
510;OUAGUENOUN;520
511;AIN-ZAOUIA;512
512;M'KIRA;524
513;AIT-YAHIA;504
514;AIT-MAHMOUD;507
515;MAATKAS;515
516;AIT BOUMAHDI;518
517;ABI-YOUCEF;504
518;BENI-DOUALA;507
519;ILLILTEN;513
520;BOUZEGUENE;510
521;AIT AGGOUACHA;514
522;OUADHIAS;519
523;AZEFFOUN;506
524;TIGZIRT;521
525;AIT-AISSA-MIMOUN;520
526;BOGHNI;509
527;IFIGHA;505
528;AIT-OUMALOU;523
529;TIRMITINE;511
530;AKERROU;506
531;YATAFENE;508
532;BENI-ZIKKI;510
533;DRAA-BEN-KHEDDA;511
534;OUACIF;518
535;IDJEUR;510
536;MEKLA;517
537;TIZI N'TLETA;519
538;BENI-YENNI;508
539;AGHRIBS;506
540;IFLISSEN;521
541;BOUDJIMA;516
542;AIT YAHIA MOUSSA;512
543;SOUK-EL-TENINE;515
544;AIT KHELLILI;517
545;SIDI NAMANE;511
546;IBOUDRARENE;508
547;AGOUNI-GUEGHRANE;519
548;MIZRANA;521
549;IMSOUHAL;513
550;TADMAIT;511
551;AIT BOUADDOU;519
552;ASSI-YOUCEF;509
553;AIT-TOUDERT;518
554;ALGER CENTRE;45
555;SIDI M'HAMED;45
556;EL MADANIA;45
557;MOHAMED BELOUZDAD;43
558;BAB EL OUED;34
559;BOLOGHINE IBNOU ZIRI;34
560;CASBAH;34
561;OUED KORICHE;34
562;BIR MOURAD RAIS;36
563;EL BIAR;38
564;BOUZAREAH;38
565;BIRKHADEM;36
566;EL HARRACH;42
567;BARAKI;35
568;OUED SMAR;42
569;BOUROUBA;42
570;HUSSEIN DEY;43
571;KOUBA;43
572;BACHEDJERAH;42
573;DAR EL BEIDA;40
574;BAB EZZOUAR;40
575;BEN AKNOUN;38
576;DELY IBRAHIM;39
577;HAMMAMET;39
578;RAIS HAMIDOU;34
579;DJASR KASENTINA;36
580;EL MOURADIA;45
581;HYDRA;36
582;MOHAMMADIA;40
583;BORDJ EL KIFFAN;40
584;EL MAGHARIA;43
585;BENI MESSOUS;38
586;LES EUCALYPTUS;35
587;TESSALA EL MERDJA;37
588;OULED CHEBEL;37
589;BIR TOUTA;37
590;SIDI MOUSSA;35
591;ROUIBA;44
592;HERRAOUA;44
593;REGHAIA;44
594;AIN TAYA;40
595;BORDJ EL BAHRI;40
596;EL MARSA;40
597;ZERALDA;46
598;SEHAOULA;36
599;MAALMA;46
600;BABA HASSEN;41
601;DOUIRA;41
602;DRARIA;41
603;RAHMANIA;46
604;OULED FAYET;39
605;CHERAGA;39
606;STAOUELI;46
607;EL ACHOUR;41
608;SOUIDANIA;46
609;KHRAISSIA;41
610;AIN BENIAN;39
611;DJELFA;182
612;MOUDJEBARA;177
613;EL GUEDID;180
614;HASSI BAHBAH;186
615;AIN MAABED;186
616;SED RAHAL;187
617;FAIDH EL BOTMA;184
618;BIRINE;179
619;BOUIRA LAHDAB;185
620;ZACCAR;177
621;EL KHEMIS;188
622;SIDI BAIZID;181
623;M'LILIHA;181
624;EL IDRISSIA;183
625;DOUIS;183
626;HASSI EL EUCH;186
627;MESSAAD;187
628;GUETTARA;187
629;SIDI LAADJEL;188
630;HAD SAHARY;185
631;GUERNINI;178
632;SELMANA;187
633;AIN CHOUHADA;183
634;OUM LAADHAM;184
635;DAR CHIOUKH;181
636;CHAREF;180
637;BENYAGOUB;180
638;ZAAFRANE;186
639;DELDOUL;187
640;AIN EL IBEL;177
641;AIN OUSSERA;178
642;BENHAR;179
643;HASSI FEDOUL;188
644;AMOURAH;184
645;AIN FEKKA;185
646;TAADMIT;177
647;JIJEL;240
648;ERRAGUENE SOUISSI;245
649;EL AOUANA;238
650;ZIAMA MANSOURIAH;245
651;TAHER;243
652;EMIR ABDELKADER;243
653;CHEKFA;235
654;CHAHNA;243
655;EL MILIA;239
656;SIDI MAROUF;242
657;SETTARA;241
658;EL ANCER;237
659;SIDI ABDELAZIZ;235
660;KAOUS;244
661;GHEBALA;241
662;BOURAOUI BELHADEF;237
663;DJIMLA;236
664;SELMA BENZIADA;238
665;BOUSSIF OULED ASKEUR;243
666;EL KENNAR NOUCHFI;235
667;OULED YAHIA KHADROUCH;239
668;BOUDRIA BENIYADJIS;236
669;KHIRI OUED ADJOUL;237
670;TEXENNA;244
671;DJEMAA BENI HABIBI;237
672;BORDJ T'HAR;235
673;OULED RABAH;242
674;OUDJANA;243
675;SETIF;413
676;AIN EL KEBIRA;396
677;BENI-AZIZ;400
678;OULED SI AHMED;397
679;BOUTALEB;412
680;AIN-ROUA;404
681;DRAA-KEBILA;409
682;BIR-EL-ARCH;402
683;BENI CHEBANA;401
684;OULED TEBBEN;412
685;HAMMA;412
686;MAAOUIA;400
687;AIN-LEGRADJ;401
688;AIN ABESSA;394
689;DEHAMCHA;396
690;BABOR;399
691;GUIDJEL;408
692;AIN LAHDJAR;395
693;BOUSSELAM;403
694;EL EULMA;406
695;DJEMILA;405
696;BENI OURTILANE;401
697;ROSFA;412
698;OULED ADDOUANE;396
699;BELLAA;402
700;AIN ARNAT;394
701;AMOUCHA;398
702;AIN OULMENE;397
703;BEIDHA BORDJ;395
704;BOUANDAS;403
705;BAZER-SAKRA;406
706;HAMAM SOUKHNA;410
707;MEZLOUG;394
708;BIR HADDADA;395
709;SERDJ-EL-GHOUL;399
710;HARBIL;407
711;EL OURICIA;394
712;TIZI N'BECHAR;398
713;SALAH BEY;412
714;AIN AZEL;395
715;GUENZET;407
716;TALA-IFACENE;411
717;BOUGAA;404
718;BENI FOUDA;405
719;TACHOUDA;402
720;BENI-MOUHLI;401
721;OULED SABOR;408
722;GUELLAL;397
723;AIN-SEBT;400
724;HAMMAM GUERGOUR;409
725;AIT NAOUAL MEZADA;403
726;KASR EL ABTAL;397
727;BENI OUSSINE;404
728;AIT-TIZI;403
729;MAOUAKLANE;411
730;GUELTA ZERKA;406
731;OUED EL BARED;398
732;TAYA;410
733;EL-OULDJA;402
734;TELLA;410
735;SAIDA;391
736;DOUI THABET;393
737;AIN EL HADJAR;388
738;OULED KHALED;392
739;MOULAY LARBI;388
740;YOUB;393
741;HOUNET;392
742;SIDI AMAR;392
743;SIDI BOUBEKEUR;392
744;EL HASSASNA;389
745;MAAMORA;389
746;SIDI AHMED;388
747;AIN SEKHOUNA;389
748;OULED BRAHIM;390
749;TIRCINE;390
750;AIN SOLTANE;390
751;SKIKDA;439
752;AIN ZOUIT;433
753;EL HADAIEK;433
754;AZZABA;430
755;DJENDEL SAADI MOHAMED;430
756;AIN CHARCHAR;430
757;BEKKOUCHE LAKHDAR;431
758;BEN AZZOUZ;431
759;ES SEBT;430
760;COLLO;432
761;BENI ZID;432
762;KERKARA;440
763;OULED ATTIA;435
764;OUED ZHOUR;435
765;ZITOUNA;441
766;EL ARROUCH;434
767;ZERDEZAS;434
768;OULED HABBABA;434
769;SIDI MEZGHICHE;438
770;EMJEZ EDCHICH;434
771;BENI OULBANE;438
772;AIN BOUZIANE;438
773;RAMDANE DJAMEL;437
774;BENI BECHIR;437
775;SALAH BOUCHAOUR;434
776;TAMALOUS;440
777;AIN KECHRA;429
778;OUM TOUB;436
779;BIN EL OUIDEN;440
780;FILFILA;439
781;CHERAIA;432
782;KANOUA;441
783;EL GHEDIR;430
784;BOUCHETATA;433
785;OULDJA BOULBALOUT;429
786;KHENAG MAOUNE;435
787;HAMMADI KROUMA;439
788;EL MARSA;431
789;SIDI BEL-ABBES;424
790;TESSALA;428
791;SIDI BRAHIM;414
792;MOSTEFA BEN BRAHIM;418
793;TELAGH;426
794;MEZAOUROU;426
795;BOUKHANEFIS;422
796;SIDI ALI BOUSSIDI;423
797;BEDRABINE EL MOKRANI;415
798;MARHOUM;416
799;TEFESSOUR;417
800;AMARNAS;425
801;TILMOUNI;418
802;SIDI LAHCENE;425
803;AIN THRID;428
804;MAKEDRA;414
805;TENIRA;427
806;MOULAY SLISSEN;419
807;EL HACAIBA;419
808;HASSI ZAHANA;415
809;TABIA;422
810;MERINE;417
811;RAS EL MA;420
812;AIN TINDAMINE;419
813;AIN KADA;423
814;M'CID;421
815;SIDI KHALED;425
816;AIN EL BERD;414
817;SFISEF;421
818;AIN- ADDEN;421
819;OUED TAOURIRA;417
820;DHAYA;426
821;ZEROUALA;418
822;LAMTAR;423
823;SIDI CHAIB;416
824;SIDI DAHOU ZAIRS;423
825;OUED SEBAA;420
826;BOUDJEBAA EL BORDJ;421
827;SEHALA THAOURA;428
828;SIDI YACOUB;425
829;SIDI HAMADOUCHE;414
830;BELARBI;418
831;OUED SEFIOUN;427
832;TEGHALIMET;426
833;BEN BADIS;415
834;SIDI ALI BENYOUB;422
835;CHETOUANE BELAILA;415
836;BIR EL HAMMAM;416
837;TAOUDMOUT;417
838;REDJEM DEMOUCHE;420
839;BENACHIBA CHELIA;427
840;HASSI DAHOU;427
841;ANNABA;48
842;BERRAHAL;49
843;EL HADJAR;52
844;EL EULMA;47
845;EL BOUNI;51
846;OUED EL ANEB;49
847;CHEURFA;47
848;SERAIDI;48
849;AIN EL BERDA;47
850;CHETAIBI;50
851;SIDI AMAR;52
852;TREAT;49
853;GUELMA;226
854;NECHMAYA;225
855;BOUATI MAHMOUD;229
856;OUED ZENATI;231
857;TAMLOUKA;223
858;OUED FERRAGHA;224
859;AIN SANDEL;230
860;RAS EL AGBA;222
861;DAHOUARA;228
862;BELKHEIR;225
863;BENDJARAH;226
864;BOU HAMDANE;227
865;AIN MAKHLOUF;223
866;AIN BEN BEIDA;224
867;KHEZARAS;230
868;BENI MEZLINE;225
869;BOU HACHANA;230
870;GUELAAT BOU SBAA;225
871;HAMMAM DEBAGH;227
872;EL FEDJOUDJ;229
873;BORDJ SABATH;231
874;HAMMAM N'BAIL;228
875;AIN LARBI;223
876;MEDJEZ AMAR;222
877;BOUCHEGOUF;224
878;HELIOPOLIS;229
879;HOUARI BOUMEDIENNE;222
880;ROKNIA;227
881;SELLAOUA ANNOUNA;222
882;MEDJEZ SFA;224
883;BOUMAHRA AHMED;225
884;AIN REGADA;231
885;OUED CHEHAM;228
886;DJEBALLAH KHEMISSI;225
887;CONSTANTINE;172
888;HAMMA BOUZIANE;174
889;BEN BADIS;171
890;ZIGHOUD YOUCEF;176
891;DIDOUCHE MOURAD;174
892;EL KHROUB;173
893;AIN ABID;171
894;BENI HAMIDANE;176
895;OULED RAHMOUN;173
896;AIN SMARA;173
897;MESSAOUD BOUDJERIOU;175
898;IBN ZIAD;175
899;MEDEA;290
900;OUZERA;293
901;OULED EMAARAF;280
902;AIN BOUCIF;280
903;AISSAOUIA;298
904;OULED DEID;283
905;EL OMARIA;287
906;DERRAG;281
907;EL GUELBELKEBIR;288
908;BOUAICHE;284
909;MEZERANA;298
910;OULED BRAHIM;287
911;TIZI MAHDI;293
912;SIDI ZIANE;297
913;TAMESGUIDA;290
914;EL HAMDANIA;293
915;KEF LAKHDAR;280
916;CHELALET EL ADHAOURA;285
917;BOUSKENE;282
918;REBAIA;283
919;BOUCHRAHIL;296
920;OULED HELLAL;292
921;TAFRAOUT;285
922;BAATA;287
923;BOGHAR;292
924;SIDI NAAMANE;296
925;OULED BOUACHRA;295
926;SIDI ZAHAR;297
927;OUED HARBIL;291
928;BEN CHICAO;293
929;SIDI DEMED;280
930;AZIZ;281
931;SOUAGUI;297
932;ZOUBIRIA;294
933;KSAR EL BOUKHARI;289
934;EL AZIZIA;286
935;DJOUAB;297
936;CHABOUNIA;284
937;MAGHRAOUA;286
938;CHENIGUEL;285
939;AIN OUKSIR;285
940;OUM EL DJELLIL;281
941;OUAMRI;291
942;SI MAHDJOUB;295
943;TLETAT ED DOUAIR;294
944;BENI SLIMANE;282
945;BERROUAGHIA;283
946;SEGHOUANE;294
947;M'FATHA;289
948;MIHOUB;286
949;BOUGHZOUL;284
950;TABLAT;298
951;EL HAOUDANE;298
952;DRAA ESMAR;290
953;SIDI RABIE;282
954;BIR BEN LAABED;288
955;EL OUINET;280
956;OULED ANTAR;292
957;BOUAICHOUNE;295
958;HANNACHA;291
959;SEDRAYA;288
960;MEDJEBAR;294
961;KHAMS DJOUAMAA;296
962;SANEG;289
963;MOSTAGANEM;319
964;SAYADA;317
965;FORNAKA;313
966;STIDIA;316
967;AIN-NOUISSY;313
968;HASSI MAMECHE;316
969;AIN-TEDLES;314
970;SOUR;314
971;OUED EL KHEIR;314
972;SIDI BELAATTAR;314
973;KHEIR-EDDINE;317
974;SIDI ALI;320
975;BENABDELMALEK RAMDANE;321
976;HADJADJ;321
977;NEKMARIA;312
978;SIDI-LAKHDAR;321
979;ACHAACHA;312
980;KHADRA;312
981;BOUGUIRAT;315
982;SIRAT;315
983;AIN-SIDI CHERIF;318
984;MESRA;318
985;MANSOURAH;318
986;SOUAFLIA;315
987;OULED BOUGHALEM;312
988;OULED-MAALAH;320
989;MAZAGRAN;316
990;AIN-BOUDINAR;317
991;TAZGAIT;320
992;SAFSAF;315
993;TOUAHRIA;318
994;HASSIANE;313
995;M'SILA;332
996;MAADID;333
997;HAMMAM DALAA;328
998;OULED DERRADJ;333
999;TARMOUNT;328
1000;M'TARFA;333
1001;KHOUBANA;329
1002;M'CIF;329
1003;CHELLAL;326
1004;OULED MADHI;326
1005;MAGRA;330
1006;BERHOUM;330
1007;AIN KHADRA;330
1008;OULED ADDI GUEBALA;333
1009;BELAIBA;330
1010;SIDI AISSA;335
1011;AIN EL HADJEL;322
1012;SIDI HADJERES;322
1013;OUANOUGHA;328
1014;BOU SAADA;325
1015;OULED SIDI BRAHIM;334
1016;SIDI AMEUR;336
1017;TAMSA;336
1018;BEN SROUR;324
1019;OULED SLIMANE;324
1020;EL HOUAMED;329
1021;EL HAMEL;325
1022;OULED MANSOUR;328
1023;MAARIF;326
1024;DEHAHNA;330
1025;BOUTI SAYEH;335
1026;KHETTOUTI SED-EL-JIR;326
1027;ZARZOUR;324
1028;MOHAMED BOUDIAF;324
1029;BENZOUH;334
1030;BIR FODA;323
1031;AIN FARES;323
1032;SIDI M'HAMED;323
1033;MENAA;331
1034;SOUAMAA;333
1035;AIN EL MELH;323
1036;MEDJEDEL;331
1037;SLIM;327
1038;AIN RICH;323
1039;BENI ILMANE;335
1040;OULTEME;325
1041;DJEBEL MESSAAD;327
1042;MASCARA;271
1043;BOUHANIFIA;267
1044;TIZI;278
1045;HACINE;267
1046;MAOUSSA;269
1047;TIGHENNIF;277
1048;EL HACHEM;270
1049;SIDI KADA;277
1050;ZELAMTA;270
1051;OUED EL ABTAL;274
1052;AIN FERAH;274
1053;GHRISS;269
1054;FROHA;278
1055;MATEMORE;269
1056;MAKHDA;269
1057;SIDI BOUSSAID;269
1058;EL BORDJ;268
1059;AIN FEKAN;265
1060;BENIAN;266
1061;KHALOUIA;268
1062;EL MENAOUER;268
1063;OUED TARIA;275
1064;AOUF;266
1065;AIN FARES;264
1066;AIN FRASS;265
1067;SIG;276
1068;OGGAZ;273
1069;ALAIMIA;273
1070;EL GAADA;279
1071;ZAHANA;279
1072;MOHAMMADIA;272
1073;SIDI ABDELMOUMENE;272
1074;FERRAGUIG;272
1075;EL GHOMRI;272
1076;SEDJERARA;272
1077;MOCTA-DOUZ;272
1078;BOU HENNI;276
1079;EL GUEITENA;267
1080;EL MAMOUNIA;264
1081;EL KEURT;278
1082;GHARROUS;266
1083;GUERDJOUM;275
1084;CHORFA;276
1085;RAS EL AIN AMIROUCHE;273
1086;NESMOT;270
1087;SIDI ABDELDJEBAR;274
1088;SEHAILIA;277
1089;OUARGLA;358
1090;AIN BEIDA;359
1091;N'GOUSSA;357
1092;HASSI MESSAOUD;355
1093;ROUISSAT;358
1094;BLIDET AMOR;361
1095;TEBESBEST;362
1096;NEZLA;362
1097;ZAOUIA EL ABIDIA;362
1098;SIDI SLIMANE;356
1099;SIDI KHOUILED;359
1100;HASSI BEN ABDELLAH;359
1101;TOUGGOURT;362
1102;EL-HADJIRA;354
1103;TAIBET;360
1104;TEMACINE;361
1105;BENACEUR;360
1106;M'NAGUER;360
1107;MEGARINE;356
1108;EL ALIA;354
1109;EL BORMA;353
1110;ORAN;351
1111;GDYEL;350
1112;BIR EL DJIR;347
1113;HASSI BOUNIF;347
1114;ES SENIA;349
1115;ARZEW;345
1116;BETHIOUA;346
1117;MARSAT EL HADJADJ;346
1118;AIN TURK;344
1119;EL ANCOR;344
1120;OUED TLELAT;352
1121;TAFRAOUI;352
1122;SIDI CHAMI;349
1123;BOUFATIS;352
1124;MERS EL KEBIR;344
1125;BOUSFER;344
1126;EL KERMA;349
1127;EL BRAYA;352
1128;HASSI BEN OKBA;347
1129;BEN FREHA;350
1130;HASSI MEFSOUKH;350
1131;SIDI BEN YEBKA;345
1132;MESSERGHIN;348
1133;BOUTLELIS;348
1134;AIN KERMA;348
1135;AIN BIYA;346
1136;EL BAYADH;192
1137;ROGASSA;193
1138;STITTEN;191
1139;BREZINA;189
1140;GHASSOUL;190
1141;BOUALEM;191
1144;ARBAOUAT;189
1145;BOUGTOUB;193
1146;EL KHEITHER;190
1147;KEF EL AHMAR;190
1149;CHELLALA;190
1150;KRAKDA;191
1151;EL BNOUD;191
1152;CHEGUIG;189
1154;EL MEHARA;190
1157;SIDI TIFFOUR;193
1158;ILLIZI;233
1159;DJANET;232
1160;DEBDEB;234
1161;BORDJ OMAR DRISS;234
1162;BORDJ EL HAOUASS;232
1163;IN AMENAS;234
1164;B. B. ARRERIDJ;55
1165;RAS EL OUED;62
1166;Bordj Zemmoura;57
1167;MANSOURA;60
1168;EL M'HIR;60
1169;BEN DAOUD;60
1170;EL ACHIR;61
1171;AIN TAGHROUT;53
1172;BORDJ GHEDIR;56
1173;SIDI-EMBAREK;54
1174;Elhammadia;59
1175;BELIMOUR;56
1176;MEDJANA;61
1177;TENIET EN NASR;61
1178;DJAAFRA;58
1179;EL MAIN;58
1180;OULED BRAHEM;62
1181;OULED DAHMANE;57
1182;HASNAOUA;61
1183;KHELIL;54
1184;TAGLAIT;56
1185;KSOUR;59
1186;OULED SIDI-BRAHIM;60
1187;Tefreg;58
1188;COLLA;58
1189;TIXTER;53
1190;El euch;59
1191;EL ANNASSEUR;56
1192;TASSAMERT;57
1193;AIN TESRA;62
1194;BIR KASDALI;54
1195;GHAILASA;56
1196;RABTA;59
1197;HARAZA;60
1198;BOUMERDES;152
1199;BOUDOUAOU;151
1200;AFIR;153
1201;BORDJ MENAIEL;150
1202;BAGHLIA;149
1203;SIDI DAOUD;149
1204;NACIRIA;156
1205;DJINET;150
1206;ISSER;154
1207;ZEMMOURI;150
1208;SI MUSTAPHA;154
1209;TIDJELABINE;152
1210;CHABET EL AMEUR;154
1211;THENIA;157
1212;TIMEZRIT;154
1213;CORSO;152
1214;OULED MOUSSA;155
1215;LARBATACHE;155
1216;BOUZEGZA KEDDARA;151
1217;TAOURGA;149
1218;OULED AISSA;156
1219;BEN CHOUD;153
1220;DELLYS;153
1221;AMMAL;157
1222;BENI AMRANE;157
1223;SOUK EL HAD;157
1224;BOUDOUAOU EL BAHRI;151
1225;OULED HEDADJ;151
1226;LEGHATA;150
1227;HAMMEDI;155
1228;KHEMIS EL KHECHNA;155
1229;EL KHARROUBA;151
1230;EL TARF;200
1231;BOUHADJAR;196
1232;BEN M HIDI;194
1233;BOUGOUS;200
1234;EL KALA;199
1235;AIN EL ASSEL;200
1236;EL AIOUN;199
1237;BOUTELDJA;197
1238;SOUAREKH;199
1239;BERRIHANE;194
1240;LAC DES OISEAUX;197
1241;CHEFIA;197
1242;DREAN;198
1243;CHIHANI;198
1244;CHEBAITA MOKHTAR;198
1245;BESBES;195
1246;ASFOUR;195
1247;ECHATT;194
1248;ZERIZER;195
1249;ZITOUNA;200
1250;AIN KERMA;196
1251;OUED ZITOUN;196
1252;HAMMAM BENI SALAH;196
1253;RAML SOUK;199
1254;TINDOUF;485
1255;OUM EL ASSEL;485
1256;TISSEMSILT;503
1257;BORDJ BOUNAAMA;497
1258;THENIET EL HAD;502
1259;LAZHARIA;501
1260;BENI CHAIB;497
1261;LARDJEM;500
1262;MELAAB;500
1263;SIDI LANTRI;500
1264;BORDJ EL EMIR ABDELKADER;498
1265;LAYOUNE;499
1266;KHEMISTI;499
1267;OULED BESSAM;503
1268;AMMARI;496
1269;YOUSSOUFIA;498
1270;SIDI BOUTOUCHENT;502
1271;LARBAA;501
1272;MAACEM;496
1273;SIDI ABED;496
1274;TAMELLAHET;500
1275;SIDI SLIMANE;497
1276;BOUCAID;501
1277;BENI LAHCENE;497
1278;EL-OUED;205
1279;ROBBAH;211
1280;OUED EL ALENDA;209
1281;BAYADHA;201
1282;NAKHLA;211
1283;GUEMAR;206
1284;KOUININE;205
1285;REGUIBA;210
1286;HAMRAIA;210
1287;TAGHZOUT;206
1288;DEBILA;202
1289;HASSANI ABDELKRIM;202
1290;HASSI KHALIFA;207
1291;TALEB LARBI;212
1292;DOUAR EL MAA;212
1293;SIDI AOUN;208
1294;TRIFAOUI;207
1295;MAGRANE;208
1296;BEN GUECHA;212
1297;OURMES;206
1298;STILL;204
1299;M'RARA;203
1300;SIDI KHELIL;204
1301;TENEDLA;203
1302;EL OGLA;211
1303;MIH OUANSA;209
1304;EL-M'GHAIER;204
1305;DJAMAA;203
1306;OUM TOUYOUR;204
1307;SIDI AMRANE;203
1308;KHENCHELA;252
1309;M'TOUSSA;246
1310;KAIS;251
1311;BAGHAI;250
1312;EL HAMMA;250
1313;AIN TOUILA;246
1314;TAOUZIANAT;251
1315;BOUHMAMA;248
1316;EL OUELDJA;249
1317;REMILA;251
1318;CHECHAR;249
1319;DJELLAL;249
1320;BABAR;247
1321;TAMZA;250
1322;ENSIGHA;250
1323;OULED RECHACHE;253
1324;EL MAHMAL;253
1325;M'SARA;248
1326;YABOUS;248
1327;KHIRANE;249
1328;CHELIA;248
1329;SOUK AHRAS;450
1330;SEDRATA;449
1331;HANENCHA;445
1332;MACHROHA;445
1333;OULED DRISS;447
1334;TIFFECH;444
1335;ZAAROURIA;451
1336;TAOURA;451
1337;DREA;451
1338;HADDADA;443
1339;KHEDARA;443
1340;MERAHNA;446
1341;OULED MOUMEN;443
1342;BIR BOUHOUCHE;442
1343;M'DAOUROUCHE;444
1344;OUM EL ADHAIM;448
1345;AIN ZANA;447
1346;AIN SOLTANE;449
1347;OUILLEN;446
1348;SIDI FREDJ;446
1349;SAFEL EL OUIDEN;442
1350;RAGOUBA;444
1351;KHEMISSA;449
1352;OUED KEBRIT;448
1353;TERRAGUELT;448
1354;ZOUABI;442
1355;TIPAZA;495
1356;MENACEUR;494
1357;LARHAT;489
1358;DOUAOUDA;490
1359;BOURKIKA;486
1360;KHEMISTI;487
1361;AGHBAL;491
1362;HADJOUT;492
1363;SIDI-AMAR;494
1364;GOURAYA;491
1365;NADOR;494
1366;CHAIBA;493
1367;AIN TAGOURAIT;487
1368;CHERCHELL;488
1369;DAMOUS;489
1370;MERAD;492
1371;FOUKA;490
1372;BOU ISMAIL;487
1373;AHMER EL AIN;486
1374;BOU HAROUN;487
1375;SIDI GHILES;488
1376;MESSELMOUN;491
1377;SIDI RACHED;486
1378;KOLEA;493
1379;ATTATBA;493
1380;SIDI SEMIANE;488
1381;BENI MILEUK;489
1382;HADJRET ENNOUS;488
1383;MILA;304
1384;FERDJIOUA;302
1385;CHELGHOUM LAID;301
1386;OUED ATHMENIA;301
1387;AIN MELLOUK;301
1388;TELEGHMA;310
1389;OUED SEGUEN;310
1390;TADJENANET;308
1391;BENYAHIA ABDERRAHMANE;308
1392;OUED ENDJA;305
1393;AHMED RACHEDI;305
1394;OULED KHALOUF;308
1395;TIBERGUENT;306
1396;BOUHATEM;300
1397;ROUACHED;306
1398;TASSALA LEMATAI;311
1399;GRAREM GOUGA;303
1400;SIDI MEROUANE;307
1401;TASSADANE HADDADA;309
1402;DERRAHI BOUSSELAH;300
1403;Minar Zarza;309
1404;AMIRA ARRES;311
1405;TERRAI BAINEN;311
1406;HAMALA;303
1407;AIN TINE;304
1408;EL MECHIRA;310
1409;SIDI KHELIFA;304
1410;ZEGHAIA;305
1411;El Ayadi Barbes;299
1412;AIN BEIDA HARRICHE;299
1413;YAHIA BENIGUECHA;302
1414;CHIGARA;307
1415;AIN-DEFLA;20
1416;MILIANA;32
1417;BOUMEDFAA;24
1418;KHEMIS-MILIANA;31
1419;HAMMAM-RIGHA;30
1420;ARIB;28
1421;DJELIDA;25
1422;EL-AMRA;28
1423;BOURACHED;25
1424;EL-ATTAF;29
1425;EL-ABADIA;27
1426;DJENDEL;26
1427;OUED CHORFA;26
1428;AIN-LECHIAKH;21
1429;OUED DJEMAA;21
1430;ROUINA;33
1431;ZEDDINE;33
1432;HASSANIA;22
1433;BIR-OULD-KHELIFA;23
1434;AIN-SOLTANE;21
1435;TARIK-IBN-ZIAD;23
1436;BORDJ-EMIR-KHALED;23
1437;AIN-TORKI;30
1438;SIDI-LAKHDAR;31
1439;BEN ALLAL;32
1440;AIN-BENIAN;30
1441;HOCEINIA;24
1442;BIRBOUCHE;26
1443;DJEMAA OULED CHEIKH;25
1444;MEKHATRIA;28
1445;BATHIA;22
1446;TACHETA ZEGAGHA;27
1447;AIN-BOUYAHIA;27
1448;EL-MAINE;33
1449;TIBERKANINE;29
1450;BELAAS;22
1451;NAAMA;342
1452;MECHERIA;339
1453;AIN SEFRA;337
1454;TIOUT;337
1455;SFISSIFA;343
1456;MOGHRAR;341
1457;ASLA;338
1458;DJENIENNE BOUREZG;341
1459;AIN BEN KHELIL;339
1460;MAKMEN BEN AMAR;340
1461;KASDIR;340
1462;El BIODH;339
1463;AIN TEMOUCHENT;14
1464;CHAABAT EL HAM;17
1465;OULED KIHAL;17
1466;HAMMAM BOU HADJAR;18
1467;BOUZEDJAR;16
1468;OUED BERKECHE;18
1469;AGHLAL;12
1470;TERGA;17
1471;AIN EL ARBAA;13
1472;TAMZOURA;13
1473;CHENTOUF;18
1474;SIDI BEN ADDA;14
1475;AOUBELLIL;12
1476;EL MALEH;17
1477;SIDI BOUMEDIENE;13
1478;OUED SEBBAH;13
1479;OULED BOUDJEMAA;16
1480;AIN TOLBA;12
1481;EL AMRIA;16
1482;HASSI EL GHELLA;16
1483;HASSASNA;18
1484;AIN KIHAL;12
1485;BENI SAF;15
1486;SIDI SAFI;15
1487;OULHACA EL GHERABA;19
1488;SIDI OURIACHE;19
1489;EMIR ABDELKADER;15
1490;EL MESSAID;16
1491;GHARDAIA;218
1492;EL MENIAA;217
1493;DHAYET BENDHAHOUA;215
1494;BERRIANE;213
1495;METLILI;220
1496;EL GUERRARA;216
1497;EL ATTEUF;214
1498;ZELFANA;221
1499;SEBSEB;220
1500;BOUNOURA;214
1501;HASSI FEHAL;219
1502;HASSI GARA;217
1503;MANSOURA;219
1504;RELIZANE;384
1505;OUED-RHIOU;382
1506;BELAASSEL BOUZAGZA;379
1507;SIDI SAADA;386
1508;OULED AICHE;376
1509;SIDI LAZREG;381
1510;EL H'MADNA;378
1511;SIDI M'HAMED BENALI;385
1512;MEDIOUNA;385
1513;SIDI KHETTAB;379
1514;AMMI MOUSSA;376
1515;ZEMMOURA;387
1516;BENI DERGOUN;387
1517;DJIDIOUIA;377
1518;EL-GUETTAR;380
1519;HAMRI;377
1520;EL-MATMAR;379
1521;SIDI M'HAMED BENAOUDA;379
1522;AIN-TAREK;375
1523;OUED ESSALEM;381
1524;OUARIZANE;382
1525;MAZOUNA;380
1526;KALAA;386
1527;AIN RAHMA;386
1528;YELLEL;386
1529;OUED EL DJEMAA;378
1530;RAMKA;383
1531;MENDES;381
1532;LAHLEF;382
1533;BENI ZENTIS;385
1534;SOUK EL HAD;383
1535;DAR BEN ABDELAH;387
1536;EL HASSI;376
1537;HAD ECHKALLA;375
1538;BENDAOUD;384
1539;EL OULDJA;376
1540;MERDJA SIDI ABED;382
1541;OULED SIDI MIHOUB;377
